"V1","RC" 
"V2","RS"
"V3","ZC"
"V4","ZS"
"V5","UC"
"V6","US"
"V7","VC"
"V8","VS"
"V9","WC"
"V10","WS"
"V11","PC"
"V12","PS"
"V13","AUC"
"V14","AUS"
"V15","AVC"
"V16","AVS"
"V17","AWC"
"V18","AWS"
"V19","APC"
"V20","APS"
"V21","SUC"
"V22","SUS"
"V23","SVC"
"V24","SVS"
"V25","SWC"
"V26","SWS"
"V27","SPC"
"V28","SPS"
"V29","dAUCdx"
"V30","dAUCdy"
"V31","dAUSdx"
"V32","dAUSdy"
"V33","dAVCdx"
"V34","dAVCdy"
"V35","dAVSdx"
"V36","dAVSdy"
"V37","dAWCdx"
"V38","dAWCdy"
"V39","dAWSdx"
"V40","dAWSdy"
"V41","dSUCdx"
"V42","dSUCdy"
"V43","dSUSdx"
"V44","dSUSdy"
"V45","dSVCdx"
"V46","dSVCdy"
"V47","dSVSdx"
"V48","dSVSdy"
"V49","dAUCdsx"
"V50","dAUCdsy"
"V51","dAUSdsx"
"V52","dAUSdsy"
"V53","dAVCdsx"
"V54","dAVCdsy"
"V55","dAVSdsx"
"V56","dAVSdsy"
"V57","dAWCdsx"
"V58","dAWCdsy"
"V59","dAWSdsx"
"V60","dAWSdsy"
"V61","dSUCdsx"
"V62","dSUCdsy"
"V63","dSUSdsx"
"V64","dSUSdsy"
"V65","dSVCdsx"
"V66","dSVCdsy"
"V67","dSVSdsx"
"V68","dSVSdsy"
"V69","Error"
"V70","Size"
